{
    "B01": {
        "KMB": {
            "Steiner tree cost": 82,
            "Absolute error": 0,
            "Relative error (%)": 0.0,
            "Runtime (s)": 0.0028493404388427734,
            "Validated": true
        },
        "11/6": {
            "Steiner tree cost": 82,
            "Absolute error": 0,
            "Relative error (%)": 0.0,
            "Runtime (s)": 0.039880990982055664,
            "Validated": true
        }
    },
    "B02": {
        "KMB": {
            "Steiner tree cost": 90,
            "Absolute error": 7,
            "Relative error (%)": 8.43373493975903,
            "Runtime (s)": 0.0044476985931396484,
            "Validated": true
        },
        "11/6": {
            "Steiner tree cost": 84,
            "Absolute error": 1,
            "Relative error (%)": 1.2048192771084265,
            "Runtime (s)": 0.2896614074707031,
            "Validated": true
        }
    },
    "B03": {
        "KMB": {
            "Steiner tree cost": 140,
            "Absolute error": 2,
            "Relative error (%)": 1.449275362318847,
            "Runtime (s)": 0.027823925018310547,
            "Validated": true
        },
        "11/6": {
            "Steiner tree cost": 140,
            "Absolute error": 2,
            "Relative error (%)": 1.449275362318847,
            "Runtime (s)": 5.364733695983887,
            "Validated": true
        }
    },
    "B04": {
        "KMB": {
            "Steiner tree cost": 64,
            "Absolute error": 5,
            "Relative error (%)": 8.47457627118644,
            "Runtime (s)": 0.005847930908203125,
            "Validated": true
        },
        "11/6": {
            "Steiner tree cost": 61,
            "Absolute error": 2,
            "Relative error (%)": 3.3898305084745672,
            "Runtime (s)": 0.061423301696777344,
            "Validated": true
        }
    },
    "B05": {
        "KMB": {
            "Steiner tree cost": 64,
            "Absolute error": 3,
            "Relative error (%)": 4.918032786885251,
            "Runtime (s)": 0.009634971618652344,
            "Validated": true
        },
        "11/6": {
            "Steiner tree cost": 64,
            "Absolute error": 3,
            "Relative error (%)": 4.918032786885251,
            "Runtime (s)": 0.3080615997314453,
            "Validated": true
        }
    },
    "B06": {
        "KMB": {
            "Steiner tree cost": 128,
            "Absolute error": 6,
            "Relative error (%)": 4.918032786885251,
            "Runtime (s)": 0.039942026138305664,
            "Validated": true
        },
        "11/6": {
            "Steiner tree cost": 126,
            "Absolute error": 4,
            "Relative error (%)": 3.2786885245901676,
            "Runtime (s)": 6.935283184051514,
            "Validated": true
        }
    },
    "B07": {
        "KMB": {
            "Steiner tree cost": 111,
            "Absolute error": 0,
            "Relative error (%)": 0.0,
            "Runtime (s)": 0.00690770149230957,
            "Validated": true
        },
        "11/6": {
            "Steiner tree cost": 132,
            "Absolute error": 21,
            "Relative error (%)": 18.918918918918926,
            "Runtime (s)": 0.298065185546875,
            "Validated": true
        }
    },
    "B08": {
        "KMB": {
            "Steiner tree cost": 104,
            "Absolute error": 0,
            "Relative error (%)": 0.0,
            "Runtime (s)": 0.020149707794189453,
            "Validated": true
        },
        "11/6": {
            "Steiner tree cost": 114,
            "Absolute error": 10,
            "Relative error (%)": 9.615384615384626,
            "Runtime (s)": 1.460371494293213,
            "Validated": true
        }
    },
    "B09": {
        "KMB": {
            "Steiner tree cost": 224,
            "Absolute error": 4,
            "Relative error (%)": 1.8181818181818077,
            "Runtime (s)": 0.09155893325805664,
            "Validated": true
        },
        "11/6": {
            "Steiner tree cost": 236,
            "Absolute error": 16,
            "Relative error (%)": 7.272727272727275,
            "Runtime (s)": 32.83133625984192,
            "Validated": true
        }
    },
    "B10": {
        "KMB": {
            "Steiner tree cost": 98,
            "Absolute error": 12,
            "Relative error (%)": 13.953488372093027,
            "Runtime (s)": 0.010504722595214844,
            "Validated": true
        },
        "11/6": {
            "Steiner tree cost": 99,
            "Absolute error": 13,
            "Relative error (%)": 15.116279069767447,
            "Runtime (s)": 0.2536303997039795,
            "Validated": true
        }
    },
    "B11": {
        "KMB": {
            "Steiner tree cost": 90,
            "Absolute error": 2,
            "Relative error (%)": 2.2727272727272707,
            "Runtime (s)": 0.020661115646362305,
            "Validated": true
        },
        "11/6": {
            "Steiner tree cost": 97,
            "Absolute error": 9,
            "Relative error (%)": 10.22727272727273,
            "Runtime (s)": 0.9236996173858643,
            "Validated": true
        }
    },
    "B12": {
        "KMB": {
            "Steiner tree cost": 174,
            "Absolute error": 0,
            "Relative error (%)": 0.0,
            "Runtime (s)": 0.07793164253234863,
            "Validated": true
        },
        "11/6": {
            "Steiner tree cost": 179,
            "Absolute error": 5,
            "Relative error (%)": 2.8735632183908066,
            "Runtime (s)": 30.34646701812744,
            "Validated": true
        }
    },
    "B13": {
        "KMB": {
            "Steiner tree cost": 175,
            "Absolute error": 10,
            "Relative error (%)": 6.060606060606055,
            "Runtime (s)": 0.01542210578918457,
            "Validated": true
        },
        "11/6": {
            "Steiner tree cost": 189,
            "Absolute error": 24,
            "Relative error (%)": 14.54545454545455,
            "Runtime (s)": 0.8499600887298584,
            "Validated": true
        }
    },
    "B14": {
        "KMB": {
            "Steiner tree cost": 237,
            "Absolute error": 2,
            "Relative error (%)": 0.8510638297872353,
            "Runtime (s)": 0.035210609436035156,
            "Validated": true
        },
        "11/6": {
            "Steiner tree cost": 247,
            "Absolute error": 12,
            "Relative error (%)": 5.106382978723412,
            "Runtime (s)": 7.328626871109009,
            "Validated": true
        }
    },
    "B15": {
        "KMB": {
            "Steiner tree cost": 325,
            "Absolute error": 7,
            "Relative error (%)": 2.2012578616352307,
            "Runtime (s)": 0.13361716270446777,
            "Validated": true
        },
        "11/6": {
            "Steiner tree cost": 329,
            "Absolute error": 11,
            "Relative error (%)": 3.4591194968553562,
            "Runtime (s)": 224.77308630943298,
            "Validated": true
        }
    },
    "B16": {
        "KMB": {
            "Steiner tree cost": 137,
            "Absolute error": 10,
            "Relative error (%)": 7.874015748031504,
            "Runtime (s)": 0.023882150650024414,
            "Validated": true
        },
        "11/6": {
            "Steiner tree cost": 138,
            "Absolute error": 11,
            "Relative error (%)": 8.661417322834652,
            "Runtime (s)": 0.6222496032714844,
            "Validated": true
        }
    },
    "B17": {
        "KMB": {
            "Steiner tree cost": 133,
            "Absolute error": 2,
            "Relative error (%)": 1.526717557251911,
            "Runtime (s)": 0.051782846450805664,
            "Validated": true
        },
        "11/6": {
            "Steiner tree cost": 143,
            "Absolute error": 12,