Algorithm,Relative error average (%),Relative error std deviation (%),Relative error max (%),Relative error min (%),Runtime (s)
KMB,7.250256105632911,5.631561041940968,18.181818181818187,0.0,0.3691671535165657
11/6,9.10737167878645,5.800659200708503,21.91780821917808,0.0,60.941225755180774
