Algorithm,Relative error average (%),Relative error std deviation (%),Relative error max (%),Relative error min (%),Runtime average (s)
KMB Basic,17.14273083913084,8.775000122465237,43.75,1.449275362318847,0.3482217275461314
KMB Full,7.250256105632911,5.631561041940968,18.181818181818187,0.0,0.3671845754412943
Simple 11/6 Basic,9.10737167878645,5.800659200708503,21.91780821917808,0.0,60.191449275818066
Simple 11/6 Basic w/ zeroing contraction,3.7327103254061993,3.842634728665379,15.172413793103456,0.0,151.31519988762028
Simple 11/6 Full,4.1888990859131985,4.544810626468329,16.50485436893203,0.0,60.426030370856104
Simple 11/6 Full w/ zeroing contraction,2.120938018856242,2.5283500072000096,9.090909090909083,0.0,145.14327940089163
