Algorithm,Relative error average (%),Relative error std deviation (%),Relative error max (%),Relative error min (%),Runtime average (s)
KMB Basic,17.14273083913084,8.775000122465237,43.75,1.449275362318847,0.35112841031465947
KMB Full,7.250256105632911,5.631561041940968,18.181818181818187,0.0,0.4428214778765708
Simple 11/6 Basic,9.10737167878645,5.800659200708503,21.91780821917808,0.0,62.98793911969708
Simple 11/6 Full,4.1888990859131985,4.544810626468329,16.50485436893203,0.0,62.17217331178799
