Algorithm,Relative error average (%),Relative error std deviation (%),Relative error max (%),Relative error min (%),Runtime average (s)
KMB Basic,17.14273083913084,8.775000122465237,43.75,1.449275362318847,35.25203760375709
KMB Full,7.726764449264157,6.282786276748239,23.076923076923084,0.0,35.67548523442973
Simple 11/6 Basic,8.914989835103677,5.4312348164041175,19.999999999999996,0.0,119.00525479871169
Simple 11/6 Basic w/ zeroing contraction,3.3414160358203255,3.2921813542369263,10.344827586206895,0.0,244.9732555900262
Simple 11/6 Full,4.251047696070723,4.148598901279115,15.384615384615374,0.0,118.3162139720731
Simple 11/6 Full w/ zeroing contraction,2.180057575266065,2.478621780938009,9.090909090909083,0.0,240.74242959791073
Advanced 11/6 Basic,17.02316862079184,8.823211160116736,43.75,1.449275362318847,150.76728861373613
Advanced 11/6 Full,7.744516978999644,6.266299287679823,23.076923076923084,0.0,150.98262041994676
