Algorithm,Relative error average (%),Relative error std deviation (%),Relative error max (%),Relative error min (%),Runtime average (s),Runtime std deviation (s)
Simple 11/6 Full w/ zeroing contraction,0.7125429113337578,0.9046605572276493,3.0303030303030276,0.0,480.3938938114378,1114.0365857511622
Advanced 11/6 Full w/ zeroing contraction,1.3706774372953445,1.5691293332606961,5.454545454545445,0.0,3.243485768636068,5.8988312259298255
