Algorithm,Relative error average (%),Relative error std deviation (%),Relative error max (%),Relative error min (%),Runtime average (s)
KMB,7.250256105632911,5.631561041940968,18.181818181818187,0.0,0.39508160032263573
11/6,9.10737167878645,5.800659200708503,21.91780821917808,0.0,66.00566963348143
